name,Completo,En curso,Incompleto
Universitario,0.12940234791889008,0.08564567769477055,0.06029882604055496
Terciario,0.03601921024546425,0.01814300960512273,0.01040554962646745
Posgrado/Especialización,0.017075773745997867,0.004268943436499467,0.0013340448239060833
Secundario,0.012273212379935965,0.0,0.0013340448239060833
Maestría,0.011205976520811099,0.0096051227321238,0.00400213447171825
Doctorado,0.002934898612593383,0.00026680896478121667,0.0008004268943436499
Posdoctorado,0.0013340448239060833,0.0,0.0
Primario,0.00026680896478121667,0.0,0.0
